{"cameraMode":{"drawMode":0,"name":"Shaded","section":"Shading Mode"},"sceneLighting":true,"audioPlay":false,"sceneViewState":{"showFog":true,"showMaterialUpdate":false,"showSkybox":true,"showFlares":true,"showImageEffects":true,"showParticleSystems":true},"in2DMode":false,"pivot":{"x":-33.05635452270508,"y":9.73740005493164,"z":-30.31897735595703},"rotation":{"x":-0.07527734339237213,"y":0.9243817329406738,"z":-0.2771664261817932,"w":-0.25105878710746767},"size":15.391088485717774,"orthographic":false}